{
  "rewrites": [
    {
      "source": "/",
      "destination": "/vitafer.html"
    },
    {
      "source": "/vitafer",
      "destination": "/vitafer.html"
    },
    {
      "source": "/vitafer-premium",
      "destination": "/vitafer-premium.html"
    },
    {
      "source": "/over-ons",
      "destination": "/over-ons.html"
    },
    {
      "source": "/contact",
      "destination": "/contact.html"
    },
    {
      "source": "/privacy",
      "destination": "/privacy.html"
    },
    {
      "source": "/algemene-voorwaarden",
      "destination": "/algemene-voorwaarden.html"
    },
    {
      "source": "/retourbeleid",
      "destination": "/retourbeleid.html"
    },
    {
      "source": "/verzending-levering",
      "destination": "/verzending-levering.html"
    }
  ],
  "cleanUrls": true,
  "trailingSlash": false
}

